dataset,category,seed,subspacead,dsb_fr,delta
MVTec-AD,bottle,42,1.000000000,1.000000000,0.000000000
MVTec-AD,bottle,123,0.999200000,1.000000000,0.000800000
MVTec-AD,bottle,999,1.000000000,1.000000000,0.000000000
MVTec-AD,cable,42,0.831500000,0.927474000,0.095974000
MVTec-AD,cable,123,0.829600000,0.922039000,0.092439000
MVTec-AD,cable,999,0.729400000,0.904423000,0.175023000
MVTec-AD,capsule,42,0.615900000,0.637415000,0.021515000
MVTec-AD,capsule,123,0.640200000,0.659354000,0.019154000
MVTec-AD,capsule,999,0.672500000,0.685680000,0.013180000
MVTec-AD,carpet,42,1.000000000,1.000000000,0.000000000
MVTec-AD,carpet,123,1.000000000,1.000000000,0.000000000
MVTec-AD,carpet,999,1.000000000,1.000000000,0.000000000
MVTec-AD,grid,42,0.964100000,1.000000000,0.035900000
MVTec-AD,grid,123,0.976600000,0.999165000,0.022565000
MVTec-AD,grid,999,0.991600000,1.000000000,0.008400000
MVTec-AD,hazelnut,42,0.999600000,1.000000000,0.000400000
MVTec-AD,hazelnut,123,0.994300000,0.993214000,-0.001086000
MVTec-AD,hazelnut,999,0.969300000,0.997857000,0.028557000
MVTec-AD,leather,42,1.000000000,1.000000000,0.000000000
MVTec-AD,leather,123,1.000000000,1.000000000,0.000000000
MVTec-AD,leather,999,1.000000000,1.000000000,0.000000000
MVTec-AD,metal_nut,42,1.000000000,0.999022000,-0.000978000
MVTec-AD,metal_nut,123,1.000000000,0.998534000,-0.001466000
MVTec-AD,metal_nut,999,1.000000000,0.998534000,-0.001466000
MVTec-AD,pill,42,0.946300000,0.988816000,0.042516000
MVTec-AD,pill,123,0.965900000,0.992362000,0.026462000
MVTec-AD,pill,999,0.968900000,0.989634000,0.020734000
MVTec-AD,screw,42,0.673100000,0.879279000,0.206179000
MVTec-AD,screw,123,0.696500000,0.888707000,0.192207000
MVTec-AD,screw,999,0.812900000,0.934413000,0.121513000
MVTec-AD,tile,42,1.000000000,1.000000000,0.000000000
MVTec-AD,tile,123,0.991000000,0.999639000,0.008639000
MVTec-AD,tile,999,1.000000000,1.000000000,0.000000000
MVTec-AD,toothbrush,42,0.883300000,0.983333000,0.100033000
MVTec-AD,toothbrush,123,0.897200000,0.980556000,0.083356000
MVTec-AD,toothbrush,999,0.877800000,0.980556000,0.102756000
MVTec-AD,transistor,42,0.874200000,0.947917000,0.073717000
MVTec-AD,transistor,123,0.837900000,0.955417000,0.117517000
MVTec-AD,transistor,999,0.886700000,0.943750000,0.057050000
MVTec-AD,wood,42,0.993000000,0.999123000,0.006123000
MVTec-AD,wood,123,0.984200000,0.998246000,0.014046000
MVTec-AD,wood,999,0.993900000,0.999123000,0.005223000
MVTec-AD,zipper,42,0.993700000,0.997637000,0.003937000
MVTec-AD,zipper,123,0.987700000,0.994748000,0.007048000
MVTec-AD,zipper,999,0.896000000,0.996324000,0.100324000
BTAD,01,42,0.961100000,0.965986000,0.004886000
BTAD,01,123,0.965000000,0.955296000,-0.009704000
BTAD,01,999,0.926100000,0.970845000,0.044745000
BTAD,02,42,0.913500000,0.887333000,-0.026167000
BTAD,02,123,0.920000000,0.900167000,-0.019833000
BTAD,02,999,0.906000000,0.869333000,-0.036667000
BTAD,03,42,0.996000000,0.980305000,-0.015695000
BTAD,03,123,0.998600000,0.990061000,-0.008539000
BTAD,03,999,0.998500000,0.988293000,-0.010207000
VisA,candle,42,0.921500000,0.951600000,0.030100000
VisA,candle,123,0.918300000,0.950200000,0.031900000
VisA,candle,999,0.929400000,0.945400000,0.016000000
VisA,capsules,42,0.946000000,0.859000000,-0.087000000
VisA,capsules,123,0.915300000,0.883833000,-0.031467000
VisA,capsules,999,0.903700000,0.869000000,-0.034700000
VisA,cashew,42,0.966200000,0.920800000,-0.045400000
VisA,cashew,123,0.960800000,0.960600000,-0.000200000
VisA,cashew,999,0.965400000,0.954800000,-0.010600000
VisA,chewinggum,42,0.973400000,0.987600000,0.014200000
VisA,chewinggum,123,0.991000000,0.989600000,-0.001400000
VisA,chewinggum,999,0.987800000,0.984800000,-0.003000000
VisA,fryum,42,0.980200000,0.952400000,-0.027800000
VisA,fryum,123,0.971400000,0.957600000,-0.013800000
VisA,fryum,999,0.979200000,0.949400000,-0.029800000
VisA,macaroni1,42,0.830300000,0.843300000,0.013000000
VisA,macaroni1,123,0.912400000,0.968000000,0.055600000
VisA,macaroni1,999,0.944600000,0.950800000,0.006200000
VisA,macaroni2,42,0.760300000,0.903500000,0.143200000
VisA,macaroni2,123,0.768600000,0.862500000,0.093900000
VisA,macaroni2,999,0.794800000,0.897100000,0.102300000
VisA,pcb1,42,0.888300000,0.931000000,0.042700000
VisA,pcb1,123,0.807600000,0.929000000,0.121400000
VisA,pcb1,999,0.898600000,0.938300000,0.039700000
VisA,pcb2,42,0.860500000,0.811000000,-0.049500000
VisA,pcb2,123,0.876800000,0.824800000,-0.052000000
VisA,pcb2,999,0.805000000,0.769800000,-0.035200000
VisA,pcb3,42,0.732200000,0.700396000,-0.031804000
VisA,pcb3,123,0.700300000,0.707030000,0.006730000
VisA,pcb3,999,0.699800000,0.706139000,0.006339000
VisA,pcb4,42,0.976500000,0.956931000,-0.019569000
VisA,pcb4,123,0.981800000,0.969208000,-0.012592000
VisA,pcb4,999,0.975000000,0.970000000,-0.005000000
VisA,pipe_fryum,42,0.959400000,0.965000000,0.005600000
VisA,pipe_fryum,123,0.970000000,0.964200000,-0.005800000
VisA,pipe_fryum,999,0.965600000,0.949400000,-0.016200000
MPDD,bracket_black,42,0.455500000,0.460106000,0.004606000
MPDD,bracket_black,123,0.637000000,0.647606000,0.010606000
MPDD,bracket_black,999,0.570500000,0.525266000,-0.045234000
MPDD,bracket_brown,42,0.553500000,0.549020000,-0.004480000
MPDD,bracket_brown,123,0.495500000,0.627451000,0.131951000
MPDD,bracket_brown,999,0.487900000,0.513575000,0.025675000
MPDD,bracket_white,42,0.441100000,0.348889000,-0.092211000
MPDD,bracket_white,123,0.408900000,0.592222000,0.183322000
MPDD,bracket_white,999,0.471100000,0.577778000,0.106678000
MPDD,connector,42,0.542900000,0.814286000,0.271386000
MPDD,connector,123,0.607100000,0.792857000,0.185757000
MPDD,connector,999,0.476200000,0.561905000,0.085705000
MPDD,metal_plate,42,0.998400000,1.000000000,0.001600000
MPDD,metal_plate,123,1.000000000,1.000000000,0.000000000
MPDD,metal_plate,999,1.000000000,1.000000000,0.000000000
MPDD,tubes,42,0.924800000,0.968297000,0.043497000
MPDD,tubes,123,0.947500000,0.992301000,0.044801000
MPDD,tubes,999,0.907200000,0.983696000,0.076496000
