seed,category,method,image_auroc,n_test,pca_k,feature_dim,pca_rule,dual_total_k,auroc,dataset,delta
42,bottle,concat_fr,1.0,83,376,2048,total_rank_matched,376,1.0,MVTec-AD,0.0
42,cable,concat_fr,0.921664167916042,150,619,2048,total_rank_matched,619,0.9274737631184408,MVTec-AD,0.005809595202398765
42,capsule,concat_fr,0.655364978061428,132,434,2048,total_rank_matched,434,0.6374152373354607,MVTec-AD,-0.017949740725967334
42,carpet,concat_fr,1.0,117,470,2048,total_rank_matched,470,1.0,MVTec-AD,0.0
42,grid,concat_fr,1.0,78,370,2048,total_rank_matched,370,1.0,MVTec-AD,0.0
123,bottle,concat_fr,1.0,83,380,2048,total_rank_matched,380,1.0,MVTec-AD,0.0
123,cable,concat_fr,0.9226011994002998,150,615,2048,total_rank_matched,615,0.9220389805097452,MVTec-AD,-0.0005622188905546333
123,capsule,concat_fr,0.669325887514958,132,434,2048,total_rank_matched,434,0.6593538093338652,MVTec-AD,-0.009972078181092803
123,carpet,concat_fr,1.0,117,471,2048,total_rank_matched,471,1.0,MVTec-AD,0.0
123,grid,concat_fr,0.9991645781119464,78,383,2048,total_rank_matched,383,0.9991645781119464,MVTec-AD,0.0
999,bottle,concat_fr,1.0,83,378,2048,total_rank_matched,378,1.0,MVTec-AD,0.0
999,cable,concat_fr,0.893928035982009,150,637,2048,total_rank_matched,637,0.9044227886056972,MVTec-AD,0.010494752623688264
999,capsule,concat_fr,0.7028320702034304,132,445,2048,total_rank_matched,445,0.6856800957319505,MVTec-AD,-0.01715197447147987
999,carpet,concat_fr,1.0,117,461,2048,total_rank_matched,461,1.0,MVTec-AD,0.0
999,grid,concat_fr,1.0,78,387,2048,total_rank_matched,387,1.0,MVTec-AD,0.0
42,hazelnut,concat_fr,0.9996428571428572,110,419,2048,total_rank_matched,419,1.0,MVTec-AD,0.00035714285714283367
42,leather,concat_fr,0.9993206521739132,124,421,2048,total_rank_matched,421,1.0,MVTec-AD,0.0006793478260868069
42,metal_nut,concat_fr,0.9916911045943304,115,470,2048,total_rank_matched,470,0.9990224828934506,MVTec-AD,0.007331378299120228
42,pill,concat_fr,0.9858156028368794,167,493,2048,total_rank_matched,493,0.9888161483906164,MVTec-AD,0.0030005455537369663
42,screw,concat_fr,0.908587825374052,160,410,2048,total_rank_matched,410,0.8792785406845665,MVTec-AD,-0.02930928468948557
123,hazelnut,concat_fr,0.99,110,397,2048,total_rank_matched,397,0.9932142857142856,MVTec-AD,0.003214285714285614
123,leather,concat_fr,0.9989809782608696,124,400,2048,total_rank_matched,400,1.0,MVTec-AD,0.0010190217391303769
123,metal_nut,concat_fr,0.9951124144672532,115,467,2048,total_rank_matched,467,0.998533724340176,MVTec-AD,0.003421309872922773
123,pill,concat_fr,0.9877250409165302,167,479,2048,total_rank_matched,479,0.9923622476813966,MVTec-AD,0.004637206764866342
123,screw,concat_fr,0.924164787866366,160,421,2048,total_rank_matched,421,0.8887067021930724,MVTec-AD,-0.03545808567329367
999,hazelnut,concat_fr,0.9989285714285714,110,424,2048,total_rank_matched,424,0.9978571428571428,MVTec-AD,-0.001071428571428612
999,leather,concat_fr,0.998641304347826,124,401,2048,total_rank_matched,401,1.0,MVTec-AD,0.0013586956521739468
999,metal_nut,concat_fr,0.990713587487781,115,485,2048,total_rank_matched,485,0.998533724340176,MVTec-AD,0.00782013685239491
999,pill,concat_fr,0.981723949809056,167,484,2048,total_rank_matched,484,0.9896344789961812,MVTec-AD,0.007910529187125204
999,screw,concat_fr,0.9616724738675958,160,433,2048,total_rank_matched,433,0.9344127895060464,MVTec-AD,-0.027259684361549352
42,tile,concat_fr,1.0,117,481,2048,total_rank_matched,481,1.0,MVTec-AD,0.0
42,toothbrush,concat_fr,0.9694444444444444,42,556,2048,total_rank_matched,556,0.9833333333333332,MVTec-AD,0.013888888888888729
42,transistor,concat_fr,0.9183333333333332,100,239,2048,total_rank_matched,239,0.9479166666666666,MVTec-AD,0.029583333333333406
42,wood,concat_fr,1.0,79,459,2048,total_rank_matched,459,0.999122807017544,MVTec-AD,-0.0008771929824560321
42,zipper,concat_fr,0.9971113445378152,151,445,2048,total_rank_matched,445,0.9976365546218487,MVTec-AD,0.0005252100840335006
123,tile,concat_fr,0.9992784992784992,117,457,2048,total_rank_matched,457,0.9996392496392495,MVTec-AD,0.0003607503607503393
123,toothbrush,concat_fr,0.9555555555555556,42,529,2048,total_rank_matched,529,0.9805555555555556,MVTec-AD,0.025000000000000022
123,transistor,concat_fr,0.9320833333333334,100,229,2048,total_rank_matched,229,0.9554166666666668,MVTec-AD,0.023333333333333428
123,wood,concat_fr,1.0,79,433,2048,total_rank_matched,433,0.9982456140350876,MVTec-AD,-0.0017543859649123972
123,zipper,concat_fr,0.9879201680672268,151,435,2048,total_rank_matched,435,0.994747899159664,MVTec-AD,0.006827731092437173
999,tile,concat_fr,1.0,117,447,2048,total_rank_matched,447,1.0,MVTec-AD,0.0
999,toothbrush,concat_fr,0.975,42,566,2048,total_rank_matched,566,0.9805555555555556,MVTec-AD,0.005555555555555647
999,transistor,concat_fr,0.9283333333333332,100,238,2048,total_rank_matched,238,0.94375,MVTec-AD,0.015416666666666745
999,wood,concat_fr,0.9973684210526316,79,467,2048,total_rank_matched,467,0.999122807017544,MVTec-AD,0.0017543859649123972
999,zipper,concat_fr,0.996060924369748,151,484,2048,total_rank_matched,484,0.9963235294117648,MVTec-AD,0.0002626050420168058
42,01,concat_fr,0.9698736637512146,70,259,2048,total_rank_matched,259,0.9659863945578232,BTAD,-0.0038872691933914405
42,02,concat_fr,0.8895000000000001,230,553,2048,total_rank_matched,553,0.8873333333333333,BTAD,-0.002166666666666761
42,03,concat_fr,0.9746951219512195,441,363,2048,total_rank_matched,363,0.9803048780487804,BTAD,0.00560975609756087
123,01,concat_fr,0.9659863945578232,70,247,2048,total_rank_matched,247,0.9552964042759962,BTAD,-0.010689990281827044
123,02,concat_fr,0.8938333333333334,230,531,2048,total_rank_matched,531,0.9001666666666667,BTAD,0.006333333333333302
123,03,concat_fr,0.9879878048780488,441,334,2048,total_rank_matched,334,0.990060975609756,BTAD,0.002073170731707208
999,01,concat_fr,0.9737609329446064,70,258,2048,total_rank_matched,258,0.9708454810495628,BTAD,-0.002915451895043608
999,02,concat_fr,0.8468333333333333,230,525,2048,total_rank_matched,525,0.8693333333333333,BTAD,0.022499999999999964
999,03,concat_fr,0.9754268292682928,441,353,2048,total_rank_matched,353,0.9882926829268291,BTAD,0.01286585365853632
42,candle,concat_fr,0.9504,200,447,2048,total_rank_matched,447,0.9516,VisA,0.0011999999999999789
42,capsules,concat_fr,0.8363333333333333,160,480,2048,total_rank_matched,480,0.859,VisA,0.022666666666666724
42,cashew,concat_fr,0.909,150,463,2048,total_rank_matched,463,0.9208,VisA,0.011799999999999922
42,chewinggum,concat_fr,0.9914,150,475,2048,total_rank_matched,475,0.9876,VisA,-0.0037999999999999146
123,candle,concat_fr,0.9455,200,452,2048,total_rank_matched,452,0.9502,VisA,0.0047000000000000375
123,capsules,concat_fr,0.8859999999999999,160,476,2048,total_rank_matched,476,0.8838333333333334,VisA,-0.002166666666666539
123,cashew,concat_fr,0.9516,150,439,2048,total_rank_matched,439,0.9606,VisA,0.009000000000000008
123,chewinggum,concat_fr,0.9892,150,471,2048,total_rank_matched,471,0.9896,VisA,0.00040000000000006697
999,candle,concat_fr,0.9383,200,456,2048,total_rank_matched,456,0.9454,VisA,0.007099999999999995
999,capsules,concat_fr,0.872,160,491,2048,total_rank_matched,491,0.869,VisA,-0.0030000000000000027
999,cashew,concat_fr,0.9518,150,467,2048,total_rank_matched,467,0.9548,VisA,0.0030000000000000027
999,chewinggum,concat_fr,0.986,150,473,2048,total_rank_matched,473,0.9848,VisA,-0.0011999999999999789
42,fryum,concat_fr,0.944,150,403,2048,total_rank_matched,403,0.9524,VisA,0.008400000000000074
42,macaroni1,concat_fr,0.804,200,458,2048,total_rank_matched,458,0.8433,VisA,0.0393
42,macaroni2,concat_fr,0.8599,200,461,2048,total_rank_matched,461,0.9035,VisA,0.04359999999999997
42,pcb1,concat_fr,0.9302,200,534,2048,total_rank_matched,534,0.931,VisA,0.0008000000000000229
123,fryum,concat_fr,0.9558,150,428,2048,total_rank_matched,428,0.9576,VisA,0.0018000000000000238
123,macaroni1,concat_fr,0.9511,200,457,2048,total_rank_matched,457,0.968,VisA,0.016900000000000026
123,macaroni2,concat_fr,0.84,200,446,2048,total_rank_matched,446,0.8625,VisA,0.022500000000000075
123,pcb1,concat_fr,0.9207,200,514,2048,total_rank_matched,514,0.929,VisA,0.008300000000000085
999,fryum,concat_fr,0.947,150,425,2048,total_rank_matched,425,0.9494,VisA,0.0024000000000000687
999,macaroni1,concat_fr,0.9237,200,474,2048,total_rank_matched,474,0.9508,VisA,0.027100000000000013
999,macaroni2,concat_fr,0.8571,200,470,2048,total_rank_matched,470,0.8971,VisA,0.040000000000000036
999,pcb1,concat_fr,0.9385,200,537,2048,total_rank_matched,537,0.9383,VisA,-0.00019999999999997797
42,pcb2,concat_fr,0.8049000000000001,200,528,2048,total_rank_matched,528,0.811,VisA,0.006099999999999994
42,pcb3,concat_fr,0.6643564356435643,201,516,2048,total_rank_matched,516,0.7003960396039604,VisA,0.03603960396039607
42,pcb4,concat_fr,0.9418811881188118,201,512,2048,total_rank_matched,512,0.9569306930693068,VisA,0.015049504950494952
42,pipe_fryum,concat_fr,0.9504,150,432,2048,total_rank_matched,432,0.965,VisA,0.014599999999999946
123,pcb2,concat_fr,0.8122000000000001,200,518,2048,total_rank_matched,518,0.8248,VisA,0.012599999999999834
123,pcb3,concat_fr,0.7005940594059406,201,508,2048,total_rank_matched,508,0.707029702970297,VisA,0.006435643564356441
123,pcb4,concat_fr,0.9647524752475248,201,518,2048,total_rank_matched,518,0.9692079207920792,VisA,0.004455445544554348
123,pipe_fryum,concat_fr,0.9582,150,421,2048,total_rank_matched,421,0.9642,VisA,0.005999999999999894
999,pcb2,concat_fr,0.7505,200,519,2048,total_rank_matched,519,0.7698,VisA,0.019300000000000095
999,pcb3,concat_fr,0.6918811881188118,201,525,2048,total_rank_matched,525,0.7061386138613861,VisA,0.01425742574257427
999,pcb4,concat_fr,0.9644554455445544,201,523,2048,total_rank_matched,523,0.97,VisA,0.0055445544554455495
999,pipe_fryum,concat_fr,0.9416,150,424,2048,total_rank_matched,424,0.9494,VisA,0.007800000000000029
